epoch,loss
0,0.68099
0,0.68099
1,0.618861
2,0.572774
3,0.537952
4,0.511054
5,0.489785
6,0.472568
7,0.458314
8,0.446257
9,0.435858
10,0.426726
11,0.418579
12,0.411205
13,0.404448
14,0.398191
15,0.392341
16,0.386831
17,0.381604
18,0.376618
19,0.37184
20,0.367243
21,0.362805
22,0.358508
23,0.354338
24,0.350284
25,0.346335
26,0.342484
27,0.338723
28,0.335048
29,0.331452
30,0.327931
31,0.324483
32,0.321103
33,0.317789
34,0.314539
35,0.311349
36,0.308218
37,0.305145
38,0.302126
39,0.299161
40,0.296248
41,0.293386
42,0.290573
43,0.287808
44,0.28509
45,0.282417
46,0.27979
47,0.277205
48,0.274664
49,0.272164
50,0.269704
51,0.267284
52,0.264904
53,0.262561
54,0.260255
55,0.257985
56,0.255751
57,0.253552
58,0.251387
59,0.249255
60,0.247156
61,0.245089
62,0.243052
63,0.241047
64,0.239071
65,0.237125
66,0.235207
67,0.233318
68,0.231456
69,0.229621
70,0.227813
71,0.22603
72,0.224273
73,0.22254
74,0.220832
75,0.219148
76,0.217488
77,0.21585
78,0.214235
79,0.212642
80,0.21107
81,0.20952
82,0.207991
83,0.206482
84,0.204993
85,0.203524
86,0.202074
87,0.200643
88,0.19923
89,0.197836
90,0.19646
91,0.195101
92,0.19376
93,0.192435
94,0.191127
95,0.189836
96,0.18856
97,0.1873
98,0.186056
99,0.184827
100,0.183613
101,0.182413
102,0.181228
103,0.180057
104,0.1789
105,0.177757
106,0.176627
107,0.17551
108,0.174407
109,0.173316
110,0.172237
111,0.171172
112,0.170118
113,0.169076
114,0.168046
115,0.167028
116,0.166021
117,0.165025
118,0.16404
119,0.163066
120,0.162103
121,0.16115
122,0.160208
123,0.159275
124,0.158353
125,0.157441
126,0.156538
127,0.155645
128,0.154761
129,0.153887
130,0.153022
131,0.152166
132,0.151318
133,0.15048
134,0.14965
135,0.148828
136,0.148015
137,0.14721
138,0.146413
139,0.145624
140,0.144843
141,0.14407
142,0.143304
143,0.142546
144,0.141796
145,0.141052
146,0.140316
147,0.139587
148,0.138866
149,0.138151
150,0.137443
151,0.136741
152,0.136046
153,0.135358
154,0.134676
155,0.134001
156,0.133332
157,0.132669
158,0.132013
159,0.131362
160,0.130717
161,0.130078
162,0.129445
163,0.128818
164,0.128196
165,0.12758
166,0.12697
167,0.126365
168,0.125765
169,0.125171
170,0.124581
171,0.123997
172,0.123418
173,0.122845
174,0.122276
175,0.121712
176,0.121152
177,0.120598
178,0.120049
179,0.119504
180,0.118963
181,0.118427
182,0.117896
183,0.117369
184,0.116847
185,0.116329
186,0.115815
187,0.115305
188,0.1148
189,0.114299
190,0.113802
191,0.113309
192,0.112819
193,0.112334
194,0.111853
195,0.111376
196,0.110902
197,0.110432
198,0.109966
199,0.109504
200,0.109045
200,0.109045
201,0.10859
202,0.108138
203,0.10769
204,0.107245
205,0.106804
206,0.106366
207,0.105932
208,0.105501
209,0.105073
210,0.104649
211,0.104227
212,0.103809
213,0.103394
214,0.102982
215,0.102573
216,0.102168
217,0.101765
218,0.101365
219,0.100968
220,0.100574
221,0.100183
222,0.099795
223,0.09941
224,0.099027
225,0.098648
226,0.098271
227,0.097896
228,0.097525
229,0.097156
230,0.096789
231,0.096425
232,0.096064
233,0.095706
234,0.095349
235,0.094996
236,0.094645
237,0.094296
238,0.09395
239,0.093606
240,0.093264
241,0.092925
242,0.092588
243,0.092254
244,0.091921
245,0.091591
246,0.091264
247,0.090938
248,0.090615
249,0.090293
250,0.089974
251,0.089657
252,0.089342
253,0.08903
254,0.088719
255,0.08841
256,0.088104
257,0.087799
258,0.087497
259,0.087196
260,0.086897
261,0.0866
262,0.086306
263,0.086013
264,0.085722
265,0.085432
266,0.085145
267,0.08486
268,0.084576
269,0.084294
270,0.084014
271,0.083735
272,0.083459
273,0.083184
274,0.082911
275,0.082639
276,0.082369
277,0.082101
278,0.081835
279,0.08157
280,0.081307
281,0.081045
282,0.080785
283,0.080526
284,0.08027
285,0.080014
286,0.07976
287,0.079508
288,0.079257
289,0.079008
290,0.07876
291,0.078514
292,0.078269
293,0.078026
294,0.077784
295,0.077544
296,0.077304
297,0.077067
298,0.07683
299,0.076595
300,0.076362
301,0.07613
302,0.075899
303,0.075669
304,0.075441
305,0.075214
306,0.074988
307,0.074764
308,0.074541
309,0.074319
310,0.074099
311,0.073879
312,0.073661
313,0.073444
314,0.073229
315,0.073014
316,0.072801
317,0.072589
318,0.072378
319,0.072169
320,0.07196
321,0.071753
322,0.071546
323,0.071341
324,0.071137
325,0.070934
326,0.070732
327,0.070532
328,0.070332
329,0.070134
330,0.069936
331,0.06974
332,0.069544
333,0.06935
334,0.069157
335,0.068964
336,0.068773
337,0.068583
338,0.068394
339,0.068205
340,0.068018
341,0.067832
342,0.067647
343,0.067462
344,0.067279
345,0.067097
346,0.066915
347,0.066735
348,0.066555
349,0.066376
350,0.066199
351,0.066022
352,0.065846
353,0.065671
354,0.065496
355,0.065323
356,0.065151
357,0.064979
358,0.064809
359,0.064639
360,0.06447
361,0.064302
362,0.064134
363,0.063968
364,0.063802
365,0.063637
366,0.063473
367,0.06331
368,0.063148
369,0.062986
370,0.062826
371,0.062666
372,0.062506
373,0.062348
374,0.06219
375,0.062033
376,0.061877
377,0.061722
378,0.061567
379,0.061413
380,0.06126
381,0.061107
382,0.060956
383,0.060805
384,0.060654
385,0.060505
386,0.060356
387,0.060208
388,0.06006
389,0.059913
390,0.059767
391,0.059622
392,0.059477
393,0.059333
394,0.05919
395,0.059047
396,0.058905
397,0.058764
398,0.058623
399,0.058483
400,0.058343
400,0.058343
401,0.058204
402,0.058066
403,0.057929
404,0.057792
405,0.057655
406,0.05752
407,0.057385
408,0.05725
409,0.057116
410,0.056983
411,0.05685
412,0.056718
413,0.056587
414,0.056456
415,0.056325
416,0.056196
417,0.056067
418,0.055938
419,0.05581
420,0.055682
421,0.055555
422,0.055429
423,0.055303
424,0.055178
425,0.055053
426,0.054929
427,0.054806
428,0.054682
429,0.05456
430,0.054438
431,0.054316
432,0.054195
433,0.054075
434,0.053955
435,0.053835
436,0.053716
437,0.053598
438,0.05348
439,0.053363
440,0.053246
441,0.053129
442,0.053013
443,0.052898
444,0.052783
445,0.052668
446,0.052554
447,0.052441
448,0.052328
449,0.052215
450,0.052103
451,0.051991
452,0.05188
453,0.051769
454,0.051659
455,0.051549
456,0.05144
457,0.051331
458,0.051222
459,0.051114
460,0.051007
461,0.050899
462,0.050793
463,0.050686
464,0.05058
465,0.050475
466,0.05037
467,0.050265
468,0.050161
469,0.050057
470,0.049954
471,0.049851
472,0.049748
473,0.049646
474,0.049545
475,0.049443
476,0.049342
477,0.049242
478,0.049142
479,0.049042
480,0.048943
481,0.048844
482,0.048745
483,0.048647
484,0.048549
485,0.048452
486,0.048354
487,0.048258
488,0.048161
489,0.048065
490,0.04797
491,0.047875
492,0.04778
493,0.047685
494,0.047591
495,0.047498
496,0.047404
497,0.047311
498,0.047218
499,0.047126
500,0.047034
501,0.046942
502,0.046851
503,0.04676
504,0.046669
505,0.046579
506,0.046489
507,0.0464
508,0.04631
509,0.046221
510,0.046133
511,0.046045
512,0.045957
513,0.045869
514,0.045782
515,0.045695
516,0.045608
517,0.045522
518,0.045436
519,0.04535
520,0.045264
521,0.045179
522,0.045095
523,0.04501
524,0.044926
525,0.044842
526,0.044759
527,0.044675
528,0.044592
529,0.04451
530,0.044427
531,0.044345
532,0.044263
533,0.044182
534,0.044101
535,0.04402
536,0.043939
537,0.043859
538,0.043779
539,0.043699
540,0.04362
541,0.04354
542,0.043461
543,0.043383
544,0.043304
545,0.043226
546,0.043148
547,0.043071
548,0.042994
549,0.042917
550,0.04284
551,0.042763
552,0.042687
553,0.042611
554,0.042535
555,0.04246
556,0.042385
557,0.04231
558,0.042235
559,0.042161
560,0.042087
561,0.042013
562,0.041939
563,0.041866
564,0.041793
565,0.04172
566,0.041647
567,0.041575
568,0.041502
569,0.041431
570,0.041359
571,0.041287
572,0.041216
573,0.041145
574,0.041075
575,0.041004
576,0.040934
577,0.040864
578,0.040794
579,0.040724
580,0.040655
581,0.040586
582,0.040517
583,0.040448
584,0.04038
585,0.040312
586,0.040244
587,0.040176
588,0.040109
589,0.040041
590,0.039974
591,0.039907
592,0.039841
593,0.039774
594,0.039708
595,0.039642
596,0.039576
597,0.039511
598,0.039445
599,0.03938
600,0.039315
600,0.039315
601,0.03925
602,0.039186
603,0.039122
604,0.039057
605,0.038994
606,0.03893
607,0.038866
608,0.038803
609,0.03874
610,0.038677
611,0.038614
612,0.038552
613,0.038489
614,0.038427
615,0.038365
616,0.038304
617,0.038242
618,0.038181
619,0.03812
620,0.038059
621,0.037998
622,0.037937
623,0.037877
624,0.037817
625,0.037757
626,0.037697
627,0.037637
628,0.037578
629,0.037518
630,0.037459
631,0.0374
632,0.037341
633,0.037283
634,0.037225
635,0.037166
636,0.037108
637,0.03705
638,0.036993
639,0.036935
640,0.036878
641,0.036821
642,0.036764
643,0.036707
644,0.03665
645,0.036594
646,0.036537
647,0.036481
648,0.036425
649,0.03637
650,0.036314
651,0.036258
652,0.036203
653,0.036148
654,0.036093
655,0.036038
656,0.035983
657,0.035929
658,0.035875
659,0.03582
660,0.035766
661,0.035713
662,0.035659
663,0.035605
664,0.035552
665,0.035499
666,0.035446
667,0.035393
668,0.03534
669,0.035287
670,0.035235
671,0.035183
672,0.03513
673,0.035078
674,0.035027
675,0.034975
676,0.034923
677,0.034872
678,0.034821
679,0.03477
680,0.034719
681,0.034668
682,0.034617
683,0.034566
684,0.034516
685,0.034466
686,0.034416
687,0.034366
688,0.034316
689,0.034266
690,0.034217
691,0.034167
692,0.034118
693,0.034069
694,0.03402
695,0.033971
696,0.033922
697,0.033874
698,0.033825
699,0.033777
700,0.033729
701,0.033681
702,0.033633
703,0.033585
704,0.033538
705,0.03349
706,0.033443
707,0.033395
708,0.033348
709,0.033301
710,0.033254
711,0.033208
712,0.033161
713,0.033115
714,0.033068
715,0.033022
716,0.032976
717,0.03293
718,0.032884
719,0.032838
720,0.032793
721,0.032747
722,0.032702
723,0.032657
724,0.032612
725,0.032567
726,0.032522
727,0.032477
728,0.032432
729,0.032388
730,0.032344
731,0.032299
732,0.032255
733,0.032211
734,0.032167
735,0.032123
736,0.03208
737,0.032036
738,0.031993
739,0.031949
740,0.031906
741,0.031863
742,0.03182
743,0.031777
744,0.031735
745,0.031692
746,0.031649
747,0.031607
748,0.031565
749,0.031522
750,0.03148
751,0.031438
752,0.031396
753,0.031355
754,0.031313
755,0.031271
756,0.03123
757,0.031189
758,0.031147
759,0.031106
760,0.031065
761,0.031024
762,0.030984
763,0.030943
764,0.030902
765,0.030862
766,0.030821
767,0.030781
768,0.030741
769,0.030701
770,0.030661
771,0.030621
772,0.030581
773,0.030542
774,0.030502
775,0.030463
776,0.030423
777,0.030384
778,0.030345
779,0.030306
780,0.030267
781,0.030228
782,0.030189
783,0.03015
784,0.030112
785,0.030073
786,0.030035
787,0.029997
788,0.029958
789,0.02992
790,0.029882
791,0.029844
792,0.029806
793,0.029769
794,0.029731
795,0.029694
796,0.029656
797,0.029619
798,0.029581
799,0.029544
800,0.029507
800,0.029507
801,0.02947
802,0.029433
803,0.029396
804,0.02936
805,0.029323
806,0.029287
807,0.02925
808,0.029214
809,0.029177
810,0.029141
811,0.029105
812,0.029069
813,0.029033
814,0.028997
815,0.028962
816,0.028926
817,0.02889
818,0.028855
819,0.02882
820,0.028784
821,0.028749
822,0.028714
823,0.028679
824,0.028644
825,0.028609
826,0.028574
827,0.028539
828,0.028505
829,0.02847
830,0.028436
831,0.028401
832,0.028367
833,0.028333
834,0.028298
835,0.028264
836,0.02823
837,0.028196
838,0.028163
839,0.028129
840,0.028095
841,0.028061
842,0.028028
843,0.027994
844,0.027961
845,0.027928
846,0.027895
847,0.027861
848,0.027828
849,0.027795
850,0.027762
851,0.02773
852,0.027697
853,0.027664
854,0.027632
855,0.027599
856,0.027567
857,0.027534
858,0.027502
859,0.02747
860,0.027438
861,0.027405
862,0.027373
863,0.027342
864,0.02731
865,0.027278
866,0.027246
867,0.027214
868,0.027183
869,0.027151
870,0.02712
871,0.027089
872,0.027057
873,0.027026
874,0.026995
875,0.026964
876,0.026933
877,0.026902
878,0.026871
879,0.02684
880,0.02681
881,0.026779
882,0.026748
883,0.026718
884,0.026687
885,0.026657
886,0.026627
887,0.026596
888,0.026566
889,0.026536
890,0.026506
891,0.026476
892,0.026446
893,0.026416
894,0.026386
895,0.026357
896,0.026327
897,0.026297
898,0.026268
899,0.026239
900,0.026209
901,0.02618
902,0.026151
903,0.026121
904,0.026092
905,0.026063
906,0.026034
907,0.026005
908,0.025976
909,0.025947
910,0.025919
911,0.02589
912,0.025861
913,0.025833
914,0.025804
915,0.025776
916,0.025747
917,0.025719
918,0.025691
919,0.025663
920,0.025635
921,0.025606
922,0.025578
923,0.02555
924,0.025523
925,0.025495
926,0.025467
927,0.025439
928,0.025412
929,0.025384
930,0.025356
931,0.025329
932,0.025301
933,0.025274
934,0.025247
935,0.02522
936,0.025192
937,0.025165
938,0.025138
939,0.025111
940,0.025084
941,0.025057
942,0.02503
943,0.025004
944,0.024977
945,0.02495
946,0.024924
947,0.024897
948,0.02487
949,0.024844
950,0.024818
951,0.024791
952,0.024765
953,0.024739
954,0.024712
955,0.024686
956,0.02466
957,0.024634
958,0.024608
959,0.024582
960,0.024556
961,0.024531
962,0.024505
963,0.024479
964,0.024454
965,0.024428
966,0.024402
967,0.024377
968,0.024351
969,0.024326
970,0.024301
971,0.024275
972,0.02425
973,0.024225
974,0.0242
975,0.024175
976,0.02415
977,0.024125
978,0.0241
979,0.024075
980,0.02405
981,0.024025
982,0.024001
983,0.023976
984,0.023951
985,0.023927
986,0.023902
987,0.023878
988,0.023853
989,0.023829
990,0.023805
991,0.02378
992,0.023756
993,0.023732
994,0.023708
995,0.023684
996,0.02366
997,0.023636
998,0.023612
999,0.023588
1000,0.023564
1000,0.023564
1001,0.02354
1002,0.023516
1003,0.023493
1004,0.023469
1005,0.023446
1006,0.023422
1007,0.023398
1008,0.023375
1009,0.023352
1010,0.023328
1011,0.023305
1012,0.023282
1013,0.023258
1014,0.023235
1015,0.023212
1016,0.023189
1017,0.023166
1018,0.023143
1019,0.02312
1020,0.023097
1021,0.023074
1022,0.023051
1023,0.023028
1024,0.023006
1025,0.022983
1026,0.02296
1027,0.022938
1028,0.022915
1029,0.022892
1030,0.02287
1031,0.022848
1032,0.022825
1033,0.022803
1034,0.02278
1035,0.022758
1036,0.022736
1037,0.022714
1038,0.022692
1039,0.02267
1040,0.022647
1041,0.022625
1042,0.022603
1043,0.022582
1044,0.02256
1045,0.022538
1046,0.022516
1047,0.022494
1048,0.022473
1049,0.022451
1050,0.022429
1051,0.022408
1052,0.022386
1053,0.022365
1054,0.022343
1055,0.022322
1056,0.0223
1057,0.022279
1058,0.022258
1059,0.022236
1060,0.022215
1061,0.022194
1062,0.022173
1063,0.022152
1064,0.02213
1065,0.022109
1066,0.022088
1067,0.022067
1068,0.022047
1069,0.022026
1070,0.022005
1071,0.021984
1072,0.021963
1073,0.021943
1074,0.021922
1075,0.021901
1076,0.021881
1077,0.02186
1078,0.021839
1079,0.021819
1080,0.021799
1081,0.021778
1082,0.021758
1083,0.021737
1084,0.021717
1085,0.021697
1086,0.021677
1087,0.021656
1088,0.021636
1089,0.021616
1090,0.021596
1091,0.021576
1092,0.021556
1093,0.021536
1094,0.021516
1095,0.021496
1096,0.021476
1097,0.021456
1098,0.021437
1099,0.021417
1100,0.021397
1101,0.021377
1102,0.021358
1103,0.021338
1104,0.021319
1105,0.021299
1106,0.021279
1107,0.02126
1108,0.021241
1109,0.021221
1110,0.021202
1111,0.021182
1112,0.021163
1113,0.021144
1114,0.021125
1115,0.021105
1116,0.021086
1117,0.021067
1118,0.021048
1119,0.021029
1120,0.02101
1121,0.020991
1122,0.020972
1123,0.020953
1124,0.020934
1125,0.020915
1126,0.020897
1127,0.020878
1128,0.020859
1129,0.02084
1130,0.020822
1131,0.020803
1132,0.020784
1133,0.020766
1134,0.020747
1135,0.020729
1136,0.02071
1137,0.020692
1138,0.020673
1139,0.020655
1140,0.020636
1141,0.020618
1142,0.0206
1143,0.020581
1144,0.020563
1145,0.020545
1146,0.020527
1147,0.020509
1148,0.020491
1149,0.020473
1150,0.020454
1151,0.020436
1152,0.020418
1153,0.020401
1154,0.020383
1155,0.020365
1156,0.020347
1157,0.020329
1158,0.020311
1159,0.020293
1160,0.020276
1161,0.020258
1162,0.02024
1163,0.020223
1164,0.020205
1165,0.020187
1166,0.02017
1167,0.020152
1168,0.020135
1169,0.020117
1170,0.0201
1171,0.020083
1172,0.020065
1173,0.020048
1174,0.020031
1175,0.020013
1176,0.019996
1177,0.019979
1178,0.019962
1179,0.019944
1180,0.019927
1181,0.01991
1182,0.019893
1183,0.019876
1184,0.019859
1185,0.019842
1186,0.019825
1187,0.019808
1188,0.019791
1189,0.019774
1190,0.019757
1191,0.019741
1192,0.019724
1193,0.019707
1194,0.01969
1195,0.019673
1196,0.019657
1197,0.01964
1198,0.019624
1199,0.019607
1200,0.01959
1200,0.01959
1201,0.019574
1202,0.019557
1203,0.019541
1204,0.019524
1205,0.019508
1206,0.019491
1207,0.019475
1208,0.019459
1209,0.019442
1210,0.019426
1211,0.01941
1212,0.019394
1213,0.019377
1214,0.019361
1215,0.019345
1216,0.019329
1217,0.019313
1218,0.019297
1219,0.019281
1220,0.019264
1221,0.019248
1222,0.019232
1223,0.019217
1224,0.019201
1225,0.019185
1226,0.019169
1227,0.019153
1228,0.019137
1229,0.019121
1230,0.019106
1231,0.01909
1232,0.019074
1233,0.019058
1234,0.019043
1235,0.019027
1236,0.019011
1237,0.018996
1238,0.01898
1239,0.018965
1240,0.018949
1241,0.018934
1242,0.018918
1243,0.018903
1244,0.018887
1245,0.018872
1246,0.018857
1247,0.018841
1248,0.018826
1249,0.018811
1250,0.018795
1251,0.01878
1252,0.018765
1253,0.01875
1254,0.018734
1255,0.018719
1256,0.018704
1257,0.018689
1258,0.018674
1259,0.018659
1260,0.018644
1261,0.018629
1262,0.018614
1263,0.018599
1264,0.018584
1265,0.018569
1266,0.018554
1267,0.018539
1268,0.018524
1269,0.01851
1270,0.018495
1271,0.01848
1272,0.018465
1273,0.018451
1274,0.018436
1275,0.018421
1276,0.018407
1277,0.018392
1278,0.018377
1279,0.018363
1280,0.018348
1281,0.018334
1282,0.018319
1283,0.018305
1284,0.01829
1285,0.018276
1286,0.018261
1287,0.018247
1288,0.018232
1289,0.018218
1290,0.018204
1291,0.018189
1292,0.018175
1293,0.018161
1294,0.018147
1295,0.018132
1296,0.018118
1297,0.018104
1298,0.01809
1299,0.018076
1300,0.018062
1301,0.018047
1302,0.018033
1303,0.018019
1304,0.018005
1305,0.017991
1306,0.017977
1307,0.017963
1308,0.017949
1309,0.017935
1310,0.017921
1311,0.017908
1312,0.017894
1313,0.01788
1314,0.017866
1315,0.017852
1316,0.017838
1317,0.017825
1318,0.017811
1319,0.017797
1320,0.017784
1321,0.01777
1322,0.017756
1323,0.017743
1324,0.017729
1325,0.017715
1326,0.017702
1327,0.017688
1328,0.017675
1329,0.017661
1330,0.017648
1331,0.017634
1332,0.017621
1333,0.017607
1334,0.017594
1335,0.017581
1336,0.017567
1337,0.017554
1338,0.017541
1339,0.017527
1340,0.017514
1341,0.017501
1342,0.017487
1343,0.017474
1344,0.017461
1345,0.017448
1346,0.017435
1347,0.017421
1348,0.017408
1349,0.017395
1350,0.017382
1351,0.017369
1352,0.017356
1353,0.017343
1354,0.01733
1355,0.017317
1356,0.017304
1357,0.017291
1358,0.017278
1359,0.017265
1360,0.017252
1361,0.017239
1362,0.017227
1363,0.017214
1364,0.017201
1365,0.017188
1366,0.017175
1367,0.017163
1368,0.01715
1369,0.017137
1370,0.017124
1371,0.017112
1372,0.017099
1373,0.017086
1374,0.017074
1375,0.017061
1376,0.017048
1377,0.017036
1378,0.017023
1379,0.017011
1380,0.016998
1381,0.016986
1382,0.016973
1383,0.016961
1384,0.016948
1385,0.016936
1386,0.016923
1387,0.016911
1388,0.016899
1389,0.016886
1390,0.016874
1391,0.016862
1392,0.016849
1393,0.016837
1394,0.016825
1395,0.016813
1396,0.0168
1397,0.016788
1398,0.016776
1399,0.016764
1400,0.016751
1400,0.016751
1401,0.016739
1402,0.016727
1403,0.016715
1404,0.016703
1405,0.016691
1406,0.016679
1407,0.016667
1408,0.016655
1409,0.016643
1410,0.016631
1411,0.016619
1412,0.016607
1413,0.016595
1414,0.016583
1415,0.016571
1416,0.016559
1417,0.016547
1418,0.016535
1419,0.016524
1420,0.016512
1421,0.0165
1422,0.016488
1423,0.016476
1424,0.016465
1425,0.016453
1426,0.016441
1427,0.016429
1428,0.016418
1429,0.016406
1430,0.016394
1431,0.016383
1432,0.016371
1433,0.016359
1434,0.016348
1435,0.016336
1436,0.016325
1437,0.016313
1438,0.016302
1439,0.01629
1440,0.016279
1441,0.016267
1442,0.016256
1443,0.016244
1444,0.016233
1445,0.016221
1446,0.01621
1447,0.016199
1448,0.016187
1449,0.016176
1450,0.016164
1451,0.016153
1452,0.016142
1453,0.016131
1454,0.016119
1455,0.016108
1456,0.016097
1457,0.016086
1458,0.016074
1459,0.016063
1460,0.016052
1461,0.016041
1462,0.01603
1463,0.016018
1464,0.016007
1465,0.015996
1466,0.015985
1467,0.015974
1468,0.015963
1469,0.015952
1470,0.015941
1471,0.01593
1472,0.015919
1473,0.015908
1474,0.015897
1475,0.015886
1476,0.015875
1477,0.015864
1478,0.015853
1479,0.015842
1480,0.015831
1481,0.015821
1482,0.01581
1483,0.015799
1484,0.015788
1485,0.015777
1486,0.015766
1487,0.015756
1488,0.015745
1489,0.015734
1490,0.015723
1491,0.015713
1492,0.015702
1493,0.015691
1494,0.015681
1495,0.01567
1496,0.015659
1497,0.015649
1498,0.015638
1499,0.015627
1500,0.015617
1501,0.015606
1502,0.015596
1503,0.015585
1504,0.015575
1505,0.015564
1506,0.015553
1507,0.015543
1508,0.015533
1509,0.015522
1510,0.015512
1511,0.015501
1512,0.015491
1513,0.01548
1514,0.01547
1515,0.01546
1516,0.015449
1517,0.015439
1518,0.015428
1519,0.015418
1520,0.015408
1521,0.015397
1522,0.015387
1523,0.015377
1524,0.015367
1525,0.015356
1526,0.015346
1527,0.015336
1528,0.015326
1529,0.015316
1530,0.015305
1531,0.015295
1532,0.015285
1533,0.015275
1534,0.015265
1535,0.015255
1536,0.015245
1537,0.015234
1538,0.015224
1539,0.015214
1540,0.015204
1541,0.015194
1542,0.015184
1543,0.015174
1544,0.015164
1545,0.015154
1546,0.015144
1547,0.015134
1548,0.015124
1549,0.015114
1550,0.015105
1551,0.015095
1552,0.015085
1553,0.015075
1554,0.015065
1555,0.015055
1556,0.015045
1557,0.015035
1558,0.015026
1559,0.015016
1560,0.015006
1561,0.014996
1562,0.014987
1563,0.014977
1564,0.014967
1565,0.014957
1566,0.014948
1567,0.014938
1568,0.014928
1569,0.014919
1570,0.014909
1571,0.014899
1572,0.01489
1573,0.01488
1574,0.01487
1575,0.014861
1576,0.014851
1577,0.014842
1578,0.014832
1579,0.014822
1580,0.014813
1581,0.014803
1582,0.014794
1583,0.014784
1584,0.014775
1585,0.014765
1586,0.014756
1587,0.014746
1588,0.014737
1589,0.014728
1590,0.014718
1591,0.014709
1592,0.014699
1593,0.01469
1594,0.014681
1595,0.014671
1596,0.014662
1597,0.014652
1598,0.014643
1599,0.014634
1600,0.014625
1600,0.014625
1601,0.014615
1602,0.014606
1603,0.014597
1604,0.014587
1605,0.014578
1606,0.014569
1607,0.01456
1608,0.014551
1609,0.014541
1610,0.014532
1611,0.014523
1612,0.014514
1613,0.014505
1614,0.014495
1615,0.014486
1616,0.014477
1617,0.014468
1618,0.014459
1619,0.01445
1620,0.014441
1621,0.014432
1622,0.014423
1623,0.014414
1624,0.014405
1625,0.014396
1626,0.014387
1627,0.014378
1628,0.014369
1629,0.01436
1630,0.014351
1631,0.014342
1632,0.014333
1633,0.014324
1634,0.014315
1635,0.014306
1636,0.014297
1637,0.014288
1638,0.014279
1639,0.014271
1640,0.014262
1641,0.014253
1642,0.014244
1643,0.014235
1644,0.014226
1645,0.014218
1646,0.014209
1647,0.0142
1648,0.014191
1649,0.014183
1650,0.014174
1651,0.014165
1652,0.014156
1653,0.014148
1654,0.014139
1655,0.01413
1656,0.014122
1657,0.014113
1658,0.014104
1659,0.014096
1660,0.014087
1661,0.014078
1662,0.01407
1663,0.014061
1664,0.014052
1665,0.014044
1666,0.014035
1667,0.014027
1668,0.014018
1669,0.01401
1670,0.014001
1671,0.013993
1672,0.013984
1673,0.013976
1674,0.013967
1675,0.013959
1676,0.01395
1677,0.013942
1678,0.013933
1679,0.013925
1680,0.013916
1681,0.013908
1682,0.013899
1683,0.013891
1684,0.013883
1685,0.013874
1686,0.013866
1687,0.013858
1688,0.013849
1689,0.013841
1690,0.013833
1691,0.013824
1692,0.013816
1693,0.013808
1694,0.013799
1695,0.013791
1696,0.013783
1697,0.013774
1698,0.013766
1699,0.013758
1700,0.01375
1701,0.013742
1702,0.013733
1703,0.013725
1704,0.013717
1705,0.013709
1706,0.013701
1707,0.013692
1708,0.013684
1709,0.013676
1710,0.013668
1711,0.01366
1712,0.013652
1713,0.013644
1714,0.013635
1715,0.013627
1716,0.013619
1717,0.013611
1718,0.013603
1719,0.013595
1720,0.013587
1721,0.013579
1722,0.013571
1723,0.013563
1724,0.013555
1725,0.013547
1726,0.013539
1727,0.013531
1728,0.013523
1729,0.013515
1730,0.013507
1731,0.013499
1732,0.013491
1733,0.013483
1734,0.013475
1735,0.013468
1736,0.01346
1737,0.013452
1738,0.013444
1739,0.013436
1740,0.013428
1741,0.01342
1742,0.013412
1743,0.013405
1744,0.013397
1745,0.013389
1746,0.013381
1747,0.013373
1748,0.013366
1749,0.013358
1750,0.01335
1751,0.013342
1752,0.013335
1753,0.013327
1754,0.013319
1755,0.013311
1756,0.013304
1757,0.013296
1758,0.013288
1759,0.013281
1760,0.013273
1761,0.013265
1762,0.013258
1763,0.01325
1764,0.013242
1765,0.013235
1766,0.013227
1767,0.013219
1768,0.013212
1769,0.013204
1770,0.013197
1771,0.013189
1772,0.013181
1773,0.013174
1774,0.013166
1775,0.013159
1776,0.013151
1777,0.013144
1778,0.013136
1779,0.013129
1780,0.013121
1781,0.013114
1782,0.013106
1783,0.013099
1784,0.013091
1785,0.013084
1786,0.013076
1787,0.013069
1788,0.013061
1789,0.013054
1790,0.013047
1791,0.013039
1792,0.013032
1793,0.013024
1794,0.013017
1795,0.01301
1796,0.013002
1797,0.012995
1798,0.012987
1799,0.01298
1800,0.012973
1800,0.012973
1801,0.012965
1802,0.012958
1803,0.012951
1804,0.012944
1805,0.012936
1806,0.012929
1807,0.012922
1808,0.012914
1809,0.012907
1810,0.0129
1811,0.012893
1812,0.012885
1813,0.012878
1814,0.012871
1815,0.012864
1816,0.012856
1817,0.012849
1818,0.012842
1819,0.012835
1820,0.012828
1821,0.012821
1822,0.012813
1823,0.012806
1824,0.012799
1825,0.012792
1826,0.012785
1827,0.012778
1828,0.012771
1829,0.012763
1830,0.012756
1831,0.012749
1832,0.012742
1833,0.012735
1834,0.012728
1835,0.012721
1836,0.012714
1837,0.012707
1838,0.0127
1839,0.012693
1840,0.012686
1841,0.012679
1842,0.012672
1843,0.012665
1844,0.012658
1845,0.012651
1846,0.012644
1847,0.012637
1848,0.01263
1849,0.012623
1850,0.012616
1851,0.012609
1852,0.012602
1853,0.012595
1854,0.012588
1855,0.012581
1856,0.012575
1857,0.012568
1858,0.012561
1859,0.012554
1860,0.012547
1861,0.01254
1862,0.012533
1863,0.012526
1864,0.01252
1865,0.012513
1866,0.012506
1867,0.012499
1868,0.012492
1869,0.012486
1870,0.012479
1871,0.012472
1872,0.012465
1873,0.012458
1874,0.012452
1875,0.012445
1876,0.012438
1877,0.012431
1878,0.012425
1879,0.012418
1880,0.012411
1881,0.012404
1882,0.012398
1883,0.012391
1884,0.012384
1885,0.012378
1886,0.012371
1887,0.012364
1888,0.012358
1889,0.012351
1890,0.012344
1891,0.012338
1892,0.012331
1893,0.012324
1894,0.012318
1895,0.012311
1896,0.012305
1897,0.012298
1898,0.012291
1899,0.012285
1900,0.012278
1901,0.012272
1902,0.012265
1903,0.012259
1904,0.012252
1905,0.012245
1906,0.012239
1907,0.012232
1908,0.012226
1909,0.012219
1910,0.012213
1911,0.012206
1912,0.0122
1913,0.012193
1914,0.012187
1915,0.01218
1916,0.012174
1917,0.012167
1918,0.012161
1919,0.012154
1920,0.012148
1921,0.012142
1922,0.012135
1923,0.012129
1924,0.012122
1925,0.012116
1926,0.01211
1927,0.012103
1928,0.012097
1929,0.01209
1930,0.012084
1931,0.012078
1932,0.012071
1933,0.012065
1934,0.012059
1935,0.012052
1936,0.012046
1937,0.01204
1938,0.012033
1939,0.012027
1940,0.012021
1941,0.012014
1942,0.012008
1943,0.012002
1944,0.011995
1945,0.011989
1946,0.011983
1947,0.011977
1948,0.01197
1949,0.011964
1950,0.011958
1951,0.011952
1952,0.011945
1953,0.011939
1954,0.011933
1955,0.011927
1956,0.011921
1957,0.011914
1958,0.011908
1959,0.011902
1960,0.011896
1961,0.01189
1962,0.011883
1963,0.011877
1964,0.011871
1965,0.011865
1966,0.011859
1967,0.011853
1968,0.011847
1969,0.01184
1970,0.011834
1971,0.011828
1972,0.011822
1973,0.011816
1974,0.01181
1975,0.011804
1976,0.011798
1977,0.011792
1978,0.011786
1979,0.01178
1980,0.011773
1981,0.011767
1982,0.011761
1983,0.011755
1984,0.011749
1985,0.011743
1986,0.011737
1987,0.011731
1988,0.011725
1989,0.011719
1990,0.011713
1991,0.011707
1992,0.011701
1993,0.011695
1994,0.011689
1995,0.011683
1996,0.011677
1997,0.011671
1998,0.011666
1999,0.01166
